Workbook

Sheet Dados
A1: 🎮 Base de Dados — Vendas Xbox Store (2025)
A2: << Voltar ao Dashboard
A4: ID Pedido | B4: Data | C4: Produto | D4: Categoria | E4: Plataforma | F4: Região | G4: Vendedor | H4: Quantidade | I4: Valor Unitário (R$) | J4: Valor Total (R$) | K4: Mês
A5: 1001 | B5: 45658 | C5: Starfield | D5: Jogo | E5: Xbox | F5: Sudeste | G5: Ana Ferreira | H5: 1 | I5: 237.98 | J5: =H5*I5 -> 237.98 | K5: =CHOOSE(MONTH(B5),"Janeiro","Fevereiro","Março","Abril","Maio","Junho","Julho","Agosto","Setembro","Outubro","Novembro","Dezembro") -> Janeiro
A6: 1003 | B6: 45658 | C6: Xbox Series S 512GB | D6: Console | E6: Xbox | F6: Sul | G6: Fábio Lima | H6: 1 | I6: 2559.79 | J6: =H6*I6 -> 2559.79 | K6: =CHOOSE(MONTH(B6),"Janeiro","Fevereiro","Março","Abril","Maio","Junho","Julho","Agosto","Setembro","Outubro","Novembro","Dezembro") -> Janeiro
A7: 1016 | B7: 45665 | C7: Xbox Series X 1TB | D7: Console | E7: Xbox | F7: Sudeste | G7: Bruno Costa | H7: 2 | I7: 4609.93 | J7: =H7*I7 -> 9219.86 | K7: =CHOOSE(MONTH(B7),"Janeiro","Fevereiro","Março","Abril","Maio","Junho","Julho","Agosto","Setembro","Outubro","Novembro","Dezembro") -> Janeiro
A8: 1006 | B8: 45666 | C8: Controle Xbox Wireless | D8: Acessório | E8: Xbox | F8: Sudeste | G8: Ana Ferreira | H8: 3 | I8: 425.65 | J8: =H8*I8 -> 1276.95 | K8: =CHOOSE(MONTH(B8),"Janeiro","Fevereiro","Março","Abril","Maio","Junho","Julho","Agosto","Setembro","Outubro","Novembro","Dezembro") -> Janeiro
A9: 1007 | B9: 45670 | C9: Xbox Series S 512GB | D9: Console | E9: Xbox | F9: Sul | G9: Ana Ferreira | H9: 1 | I9: 2609.04 | J9: =H9*I9 -> 2609.04 | K9: =CHOOSE(MONTH(B9),"Janeiro","Fevereiro","Março","Abril","Maio","Junho","Julho","Agosto","Setembro","Outubro","Novembro","Dezembro") -> Janeiro
A10: 1018 | B10: 45670 | C10: Minecraft | D10: Jogo | E10: Xbox | F10: Sudeste | G10: Fábio Lima | H10: 1 | I10: 145.97 | J10: =H10*I10 -> 145.97 | K10: =CHOOSE(MONTH(B10),"Janeiro","Fevereiro","Março","Abril","Maio","Junho","Julho","Agosto","Setembro","Outubro","Novembro","Dezembro") -> Janeiro
A11: 1004 | B11: 45678 | C11: Starfield | D11: Jogo | E11: Xbox | F11: Sul | G11: Carla Mendes | H11: 1 | I11: 246.72 | J11: =H11*I11 -> 246.72 | K11: =CHOOSE(MONTH(B11),"Janeiro","Fevereiro","Março","Abril","Maio","Junho","Julho","Agosto","Setembro","Outubro","Novembro","Dezembro") -> Janeiro
A12: 1002 | B12: 45679 | C12: Starfield | D12: Jogo | E12: Xbox | F12: Sul | G12: Ana Ferreira | H12: 1 | I12: 257.96 | J12: =H12*I12 -> 257.96 | K12: =CHOOSE(MONTH(B12),"Janeiro","Fevereiro","Março","Abril","Maio","Junho","Julho","Agosto","Setembro","Outubro","Novembro","Dezembro") -> Janeiro
A13: 1010 | B13: 45680 | C13: Xbox Series S 512GB | D13: Console | E13: Xbox | F13: Nordeste | G13: Ana Ferreira | H13: 1 | I13: 2499.16 | J13: =H13*I13 -> 2499.16 | K13: =CHOOSE(MONTH(B13),"Janeiro","Fevereiro","Março","Abril","Maio","Junho","Julho","Agosto","Setembro","Outubro","Novembro","Dezembro") -> Janeiro
A14: 1013 | B14: 45680 | C14: Minecraft | D14: Jogo | E14: Xbox | F14: Nordeste | G14: Elaine Rocha | H14: 2 | I14: 149.63 | J14: =H14*I14 -> 299.26 | K14: =CHOOSE(MONTH(B14),"Janeiro","Fevereiro","Março","Abril","Maio","Junho","Julho","Agosto","Setembro","Outubro","Novembro","Dezembro") -> Janeiro
A15: 1015 | B15: 45680 | C15: Forza Motorsport | D15: Jogo | E15: Xbox | F15: Centro-Oeste | G15: Ana Ferreira | H15: 1 | I15: 236.19 | J15: =H15*I15 -> 236.19 | K15: =CHOOSE(MONTH(B15),"Janeiro","Fevereiro","Março","Abril","Maio","Junho","Julho","Agosto","Setembro","Outubro","Novembro","Dezembro") -> Janeiro
A16: 1008 | B16: 45681 | C16: Call of Duty: Black Ops 6 | D16: Jogo | E16: Xbox | F16: Sudeste | G16: Carla Mendes | H16: 1 | I16: 345.41 | J16: =H16*I16 -> 345.41 | K16: =CHOOSE(MONTH(B16),"Janeiro","Fevereiro","Março","Abril","Maio","Junho","Julho","Agosto","Setembro","Outubro","Novembro","Dezembro") -> Janeiro
... A319: 1312 | B319: 46022 | C319: Starfield | D319: Jogo | E319: Xbox | F319: Sudeste | G319: Carla Mendes | H319: 1 | I319: 248.79 | J319: =H319*I319 -> 248.79 | K319: =CHOOSE(MONTH(B319),"Janeiro","Fevereiro","Março","Abril","Maio","Junho","Julho","Agosto","Setembro","Outubro","Novembro","Dezembro") -> Dezembro

Sheet Resumo
A1: 📊 Tabelas de Apoio (calculadas a partir da aba Dados)
A2: << Voltar ao Dashboard
A4: Faturamento Mensal | E4: Faturamento por Categoria | H4: Faturamento por Região | K4: Faturamento por Vendedor | N4: Faturamento por Produto (base do Top 10) | Q4: Ticket Médio e Unidades por Categoria
A5: Mês | B5: Faturamento (R$) | C5: Pedidos | E5: Categoria | F5: Faturamento (R$) | H5: Região | I5: Faturamento (R$) | K5: Vendedor | L5: Faturamento (R$) | N5: Produto | O5: Faturamento (R$) | Q5: Categoria | R5: Unidades Vendidas | S5: Ticket Médio (R$)
A6: Janeiro | B6: =SUMPRODUCT((Dados!$B$5:$B$319>=DATE(2025,1,1))*(Dados!$B$5:$B$319<DATE(2025,2,1))*Dados!$J$5:$J$319) -> 25807.34 | C6: =SUMPRODUCT((Dados!$B$5:$B$319>=DATE(2025,1,1))*(Dados!$B$5:$B$319<DATE(2025,2,1))*1) -> 18 | E6: Console | F6: =SUMIF(Dados!$D$5:$D$319,E6,Dados!$J$5:$J$319) -> 196242.48 | H6: Sudeste | I6: =SUMIF(Dados!$F$5:$F$319,H6,Dados!$J$5:$J$319) -> 113255.34 | K6: Ana Ferreira | L6: =SUMIF(Dados!$G$5:$G$319,K6,Dados!$J$5:$J$319) -> 78276.58 | N6: Xbox Series X 1TB | O6: =SUMIF(Dados!$C$5:$C$319,N6,Dados!$J$5:$J$319) -> 111711.53 | Q6: Console | R6: =SUMIF(Dados!$D$5:$D$319,Q6,Dados!$H$5:$H$319) -> 57 | S6: =IFERROR(SUMIF(Dados!$D$5:$D$319,Q6,Dados!$J$5:$J$319)/COUNTIF(Dados!$D$5:$D$319,Q6),0) -> 4088.385
A7: Fevereiro | B7: =SUMPRODUCT((Dados!$B$5:$B$319>=DATE(2025,2,1))*(Dados!$B$5:$B$319<DATE(2025,3,1))*Dados!$J$5:$J$319) -> 15718.85 | C7: =SUMPRODUCT((Dados!$B$5:$B$319>=DATE(2025,2,1))*(Dados!$B$5:$B$319<DATE(2025,3,1))*1) -> 21 | E7: Jogo | F7: =SUMIF(Dados!$D$5:$D$319,E7,Dados!$J$5:$J$319) -> 59431.53 | H7: Sul | I7: =SUMIF(Dados!$F$5:$F$319,H7,Dados!$J$5:$J$319) -> 79614.82 | K7: Bruno Costa | L7: =SUMIF(Dados!$G$5:$G$319,K7,Dados!$J$5:$J$319) -> 29411.73 | N7: Xbox Series S 512GB | O7: =SUMIF(Dados!$C$5:$C$319,N7,Dados!$J$5:$J$319) -> 84530.95 | Q7: Jogo | R7: =SUMIF(Dados!$D$5:$D$319,Q7,Dados!$H$5:$H$319) -> 239 | S7: =IFERROR(SUMIF(Dados!$D$5:$D$319,Q7,Dados!$J$5:$J$319)/COUNTIF(Dados!$D$5:$D$319,Q7),0) -> 366.8613
A8: Março | B8: =SUMPRODUCT((Dados!$B$5:$B$319>=DATE(2025,3,1))*(Dados!$B$5:$B$319<DATE(2025,4,1))*Dados!$J$5:$J$319) -> 18910.22 | C8: =SUMPRODUCT((Dados!$B$5:$B$319>=DATE(2025,3,1))*(Dados!$B$5:$B$319<DATE(2025,4,1))*1) -> 23 | E8: Acessório | F8: =SUMIF(Dados!$D$5:$D$319,E8,Dados!$J$5:$J$319) -> 40925.84 | H8: Nordeste | I8: =SUMIF(Dados!$F$5:$F$319,H8,Dados!$J$5:$J$319) -> 63802 | K8: Carla Mendes | L8: =SUMIF(Dados!$G$5:$G$319,K8,Dados!$J$5:$J$319) -> 59878.5 | N8: Controle Xbox Wireless | O8: =SUMIF(Dados!$C$5:$C$319,N8,Dados!$J$5:$J$319) -> 19936.93 | Q8: Acessório | R8: =SUMIF(Dados!$D$5:$D$319,Q8,Dados!$H$5:$H$319) -> 122 | S8: =IFERROR(SUMIF(Dados!$D$5:$D$319,Q8,Dados!$J$5:$J$319)/COUNTIF(Dados!$D$5:$D$319,Q8),0) -> 518.04861
A9: Abril | B9: =SUMPRODUCT((Dados!$B$5:$B$319>=DATE(2025,4,1))*(Dados!$B$5:$B$319<DATE(2025,5,1))*Dados!$J$5:$J$319) -> 32332.66 | C9: =SUMPRODUCT((Dados!$B$5:$B$319>=DATE(2025,4,1))*(Dados!$B$5:$B$319<DATE(2025,5,1))*1) -> 21 | E9: Assinatura | F9: =SUMIF(Dados!$D$5:$D$319,E9,Dados!$J$5:$J$319) -> 2090.9 | H9: Centro-Oeste | I9: =SUMIF(Dados!$F$5:$F$319,H9,Dados!$J$5:$J$319) -> 15111.59 | K9: Diego Souza | L9: =SUMIF(Dados!$G$5:$G$319,K9,Dados!$J$5:$J$319) -> 26702.64 | N9: Headset Xbox Stereo | O9: =SUMIF(Dados!$C$5:$C$319,N9,Dados!$J$5:$J$319) -> 8698.5 | Q9: Assinatura | R9: =SUMIF(Dados!$D$5:$D$319,Q9,Dados!$H$5:$H$319) -> 43 | S9: =IFERROR(SUMIF(Dados!$D$5:$D$319,Q9,Dados!$J$5:$J$319)/COUNTIF(Dados!$D$5:$D$319,Q9),0) -> 80.419231
A10: Maio | B10: =SUMPRODUCT((Dados!$B$5:$B$319>=DATE(2025,5,1))*(Dados!$B$5:$B$319<DATE(2025,6,1))*Dados!$J$5:$J$319) -> 23625.52 | C10: =SUMPRODUCT((Dados!$B$5:$B$319>=DATE(2025,5,1))*(Dados!$B$5:$B$319<DATE(2025,6,1))*1) -> 20 | H10: Norte | I10: =SUMIF(Dados!$F$5:$F$319,H10,Dados!$J$5:$J$319) -> 26907 | K10: Elaine Rocha | L10: =SUMIF(Dados!$G$5:$G$319,K10,Dados!$J$5:$J$319) -> 54593.82 | N10: Carregador Duplo Xbox | O10: =SUMIF(Dados!$C$5:$C$319,N10,Dados!$J$5:$J$319) -> 12290.41
A11: Junho | B11: =SUMPRODUCT((Dados!$B$5:$B$319>=DATE(2025,6,1))*(Dados!$B$5:$B$319<DATE(2025,7,1))*Dados!$J$5:$J$319) -> 25159.62 | C11: =SUMPRODUCT((Dados!$B$5:$B$319>=DATE(2025,6,1))*(Dados!$B$5:$B$319<DATE(2025,7,1))*1) -> 23 | K11: Fábio Lima | L11: =SUMIF(Dados!$G$5:$G$319,K11,Dados!$J$5:$J$319) -> 49827.48 | N11: Xbox Game Pass Ultimate (mensal) | O11: =SUMIF(Dados!$C$5:$C$319,N11,Dados!$J$5:$J$319) -> 2090.9
A12: Julho | B12: =SUMPRODUCT((Dados!$B$5:$B$319>=DATE(2025,7,1))*(Dados!$B$5:$B$319<DATE(2025,8,1))*Dados!$J$5:$J$319) -> 28067.63 | C12: =SUMPRODUCT((Dados!$B$5:$B$319>=DATE(2025,7,1))*(Dados!$B$5:$B$319<DATE(2025,8,1))*1) -> 26 | N12: EA Sports FC 25 | O12: =SUMIF(Dados!$C$5:$C$319,N12,Dados!$J$5:$J$319) -> 12956.34
A13: Agosto | B13: =SUMPRODUCT((Dados!$B$5:$B$319>=DATE(2025,8,1))*(Dados!$B$5:$B$319<DATE(2025,9,1))*Dados!$J$5:$J$319) -> 15208.95 | C13: =SUMPRODUCT((Dados!$B$5:$B$319>=DATE(2025,8,1))*(Dados!$B$5:$B$319<DATE(2025,9,1))*1) -> 26 | N13: Call of Duty: Black Ops 6 | O13: =SUMIF(Dados!$C$5:$C$319,N13,Dados!$J$5:$J$319) -> 14851.88
A14: Setembro | B14: =SUMPRODUCT((Dados!$B$5:$B$319>=DATE(2025,9,1))*(Dados!$B$5:$B$319<DATE(2025,10,1))*Dados!$J$5:$J$319) -> 22008.49 | C14: =SUMPRODUCT((Dados!$B$5:$B$319>=DATE(2025,9,1))*(Dados!$B$5:$B$319<DATE(2025,10,1))*1) -> 27 | N14: Forza Motorsport | O14: =SUMIF(Dados!$C$5:$C$319,N14,Dados!$J$5:$J$319) -> 9496.25
A15: Outubro | B15: =SUMPRODUCT((Dados!$B$5:$B$319>=DATE(2025,10,1))*(Dados!$B$5:$B$319<DATE(2025,11,1))*Dados!$J$5:$J$319) -> 17199.35 | C15: =SUMPRODUCT((Dados!$B$5:$B$319>=DATE(2025,10,1))*(Dados!$B$5:$B$319<DATE(2025,11,1))*1) -> 24 | N15: Halo Infinite | O15: =SUMIF(Dados!$C$5:$C$319,N15,Dados!$J$5:$J$319) -> 5147.17
A16: Novembro | B16: =SUMPRODUCT((Dados!$B$5:$B$319>=DATE(2025,11,1))*(Dados!$B$5:$B$319<DATE(2025,12,1))*Dados!$J$5:$J$319) -> 27800.98 | C16: =SUMPRODUCT((Dados!$B$5:$B$319>=DATE(2025,11,1))*(Dados!$B$5:$B$319<DATE(2025,12,1))*1) -> 38 | N16: Minecraft | O16: =SUMIF(Dados!$C$5:$C$319,N16,Dados!$J$5:$J$319) -> 6811.56
A17: Dezembro | B17: =SUMPRODUCT((Dados!$B$5:$B$319>=DATE(2025,12,1))*(Dados!$B$5:$B$319<DATE(2025,13,1))*Dados!$J$5:$J$319) -> 46851.14 | C17: =SUMPRODUCT((Dados!$B$5:$B$319>=DATE(2025,12,1))*(Dados!$B$5:$B$319<DATE(2025,13,1))*1) -> 48 | N17: Starfield | O17: =SUMIF(Dados!$C$5:$C$319,N17,Dados!$J$5:$J$319) -> 10168.33
N20: Top 10 Produtos por Faturamento
N21: Produto | O21: Faturamento (R$)
N22: =INDEX($N$6:$N$17,MATCH(O22,$O$6:$O$17,0)) -> Xbox Series X 1TB | O22: =LARGE($O$6:$O$17,1) -> 111711.53
N23: =INDEX($N$6:$N$17,MATCH(O23,$O$6:$O$17,0)) -> Xbox Series S 512GB | O23: =LARGE($O$6:$O$17,2) -> 84530.95
N24: =INDEX($N$6:$N$17,MATCH(O24,$O$6:$O$17,0)) -> Controle Xbox Wireless | O24: =LARGE($O$6:$O$17,3) -> 19936.93
N25: =INDEX($N$6:$N$17,MATCH(O25,$O$6:$O$17,0)) -> Call of Duty: Black Ops 6 | O25: =LARGE($O$6:$O$17,4) -> 14851.88
N26: =INDEX($N$6:$N$17,MATCH(O26,$O$6:$O$17,0)) -> EA Sports FC 25 | O26: =LARGE($O$6:$O$17,5) -> 12956.34
N27: =INDEX($N$6:$N$17,MATCH(O27,$O$6:$O$17,0)) -> Carregador Duplo Xbox | O27: =LARGE($O$6:$O$17,6) -> 12290.41
N28: =INDEX($N$6:$N$17,MATCH(O28,$O$6:$O$17,0)) -> Starfield | O28: =LARGE($O$6:$O$17,7) -> 10168.33
N29: =INDEX($N$6:$N$17,MATCH(O29,$O$6:$O$17,0)) -> Forza Motorsport | O29: =LARGE($O$6:$O$17,8) -> 9496.25
N30: =INDEX($N$6:$N$17,MATCH(O30,$O$6:$O$17,0)) -> Headset Xbox Stereo | O30: =LARGE($O$6:$O$17,9) -> 8698.5
N31: =INDEX($N$6:$N$17,MATCH(O31,$O$6:$O$17,0)) -> Minecraft | O31: =LARGE($O$6:$O$17,10) -> 6811.56

Sheet Dashboard
A1: 🎮 Dashboard de Vendas — Xbox Store 2025
A2: Painel de indicadores de desempenho comercial — ano de 2025 (dados fictícios para fins didáticos)
A4: FATURAMENTO TOTAL | D4: UNIDADES VENDIDAS | G4: TOTAL DE PEDIDOS | J4: TICKET MÉDIO
A5: =SUM(Dados!$J$5:$J$319) -> 298690.75 | D5: =SUM(Dados!$H$5:$H$319) -> 461 | G5: =COUNTA(Dados!$A$5:$A$319) -> 315 | J5: =SUM(Dados!$J$5:$J$319)/COUNTA(Dados!$A$5:$A$319) -> 948.2246
A7: PRODUTO MAIS VENDIDO (R$) | E7: CATEGORIA LÍDER | I7: MELHOR MÊS DO ANO
A8: =Resumo!N22 -> Xbox Series X 1TB | E8: =INDEX(Resumo!$E$6:$E$9,MATCH(MAX(Resumo!$F$6:$F$9),Resumo!$F$6:$F$9,0)) -> Console | I8: =INDEX(Resumo!$A$6:$A$17,MATCH(MAX(Resumo!$B$6:$B$17),Resumo!$B$6:$B$17,0)) -> Dezembro
A65: Todos os indicadores e gráficos são calculados a partir das tabelas de apoio da aba "Resumo", que por sua vez são alimentadas pela base de dados bruta da aba "Dados". Para atualizar o dashboard, edite ou adicione linhas na aba Dados — os totais e gráficos recalculam automaticamente.
